,Collection,24 hs %,7 d %,Owners,Items,Category,Chain,Twitter followers,Ownership %,Volume (USD) in M,Floor (USD),Gas Volume (USD) in M,Gas %,Market Share %,Growth,Ownership Status,Popularity,Accesibility,Gas Status,Market Status
0,goblintown.wtf,56.769999999999996,562.01,4500,10000,New,Ethereum,39500,45.0,23.216212677599998,5318.1359999999995,0.225,0.00969150322339568,63.14,Hot - buy now,Low OS,Potential community,Top Collectors,High gas,Whale
1,Chimpers,-35.620000000000005,-73.58,2800,5600,New,Ethereum,106700,50.0,15.160281926399998,3631.0031999999997,0.14,0.009234656761640104,41.23,Not interesting,Low OS,Community,Top Collectors,High gas,Whale
2,GENE_SIS: The Girls of Armament,-42.52,-29.29,4500,10000,New,Ethereum,236800,45.0,10.197379072799999,385.10639999999995,0.225,0.022064493081379533,27.73,Not interesting,Low OS,Community,Middle Accesible,High gas,Whale
3,AINightbirds,-53.6,0.0,4700,10000,New,Ethereum,11200,47.0,9.1864014192,421.7832,0.235,0.025581290134876887,24.98,Not interesting,Low OS,Potential community,Top Collectors,High gas,Whale
4,Moonbirds Oddities,-18.56,0.0,6200,10000,New,Ethereum,201900,62.0,6.842698884,5024.7216,0.31,0.04530376175471643,18.61,Not interesting,Medium OS,Community,Top Collectors,High gas,Whale
7,Rarible,-1.81,-45.79,214100,315700,Art,Ethereum,477100,67.81754830535318,185.5226058696,0.0,10.705,0.05770186306850564,504.56,Not interesting,Medium OS,Community,Not interesting,High gas,Whale
8,SuperRare,-94.3,-42.0,6800,31700,Art,Ethereum,314200,21.451104100946374,123.090641712,275.07599999999996,0.34,0.0027621921152666614,334.76,Not interesting,Very low OS,Community,Middle Accesible,High gas,Whale
9,Karafuru,-80.87,-58.60999999999999,3700,5600,Art,Ethereum,419700,66.07142857142857,79.8649423344,1925.532,0.185,0.0023164106126239005,217.2,Not interesting,Medium OS,Community,Top Collectors,High gas,Whale
12,Mutant Ape Tatch Club,-42.63,-8.89,12600,19400,Collectibles,Ethereum,1900,64.94845360824742,743.5259717688,29873.253599999996,0.63,0.0008473140467457658,2022.13,Not interesting,Medium OS,Emerging,Top Collectors,High gas,Whale
13,Azuki,-31.669999999999998,-0.48,5100,10000,Collectibles,Ethereum,311600,51.0,447.86159679599996,18044.9856,0.255,0.0005693723280233647,1218.02,Not interesting,Medium OS,Community,Top Collectors,High gas,Whale
14,Clone X  X TAKASHI MURAKAMI,-31.240000000000002,-39.129999999999995,9300,19300,Collectibles,Ethereum,26,48.18652849740933,375.05387594879994,22372.847999999998,0.465,0.001239821875786931,1020.01,Not interesting,Low OS,Emerging,Top Collectors,High gas,Whale
15,ENS: Ethereum Name Service,-1.7409999999999999,-26.229999999999997,400500,1200000,Domain Names,Ethereum,312,33.375,56.2776521328,18.3384,20.025,0.3558250787141302,153.06,Not interesting,Low OS,Emerging,Highly accesible,High gas,Whale
16,Unstoppable Domains,2750.0,-53.25,64600,319000,Domain Names,Ethereum,254900,20.25078369905956,2.217479328,18.3384,3.23,1.4566088437510791,6.03,Not interesting,Very low OS,Community,Highly accesible,High gas,Shark
17,Decentraland Names,-100.0,104.92999999999999,13300,34000,Domain Names,Ethereum,2235,39.11764705882353,1.6013274264,55.01519999999999,0.665,0.41528046609119146,4.36,Not interesting,Low OS,Emerging,Middle Accesible,High gas,Shark
18,Cryptovoxels Nammes,0.0,-100.0,2600,9500,Domain Names,Ethereum,81800,27.368421052631582,0.029433132,55.01519999999999,0.13,4.416791254155351,0.08,Not interesting,Not interesting,Community,Middle Accesible,High gas,Fish
19,Domains.Kred,0.0,0.0,17,24,Domain Names,Ethereum,56500,70.83333333333334,0.0108379944,7151.976,0.00085,0.07842779472187215,0.03,Not interesting,Not interesting,Community,Top Collectors,Medium gas,Fish
20,WVRPS by WarpSound (Official),132.5,-42.68,4700,10000,Music,Ethereum,26400,47.0,11.017343952,256.7376,0.235,0.021330004856328372,29.96,Not interesting,Low OS,Potential community,Middle Accesible,High gas,Whale
21,The Orbs by BT,0.0,-8.200000000000001,1400,3300,Music,Ethereum,622700,42.42424242424242,4.4723506535999995,550.1519999999999,0.07,0.015651724433470755,12.16,Not interesting,Low OS,Community,Top Collectors,Medium gas,Shark
22,EulerBeats Genesis,0.0,0.0,431,54,Music,Ethereum,14100,798.1481481481482,4.227294614399999,2017.2240000000002,0.02155,0.0050978230678768765,11.5,Not interesting,Massive OS,Potential community,Top Collectors,Medium gas,Shark
23,EulerBeats Enigma,0.0,0.0,101,54,Music,Ethereum,14100,187.03703703703704,3.6902545703999996,0.0,0.00505,0.0013684692759428282,10.04,Not interesting,Massive OS,Potential community,Not interesting,Medium gas,Shark
24,Audioglyphs,0.0,15.2,2700,10000,Music,Ethereum,3920,27.0,2.0426593607999997,550.1519999999999,0.135,0.06609031470970655,5.56,Not interesting,Low OS,Emerging,Top Collectors,High gas,Shark
25,Justin Aversano - Twin Flames - Collection of 100 Twins Portraits,0.0,-100.0,88,100,Photography,Ethereum,78600,88.0,9.4968338544,206307.0,0.0044,0.0004633123067601552,25.83,Not interesting,Medium OS,Community,Top Collectors,Medium gas,Whale
26,Where My Vans Go,-100.0,-75.29,102,123,Photography,Ethereum,119000,82.92682926829268,6.536355912,82522.8,0.0051,0.0007802512697689832,17.78,Not interesting,Medium OS,Community,Top Collectors,Medium gas,Whale
27,Women Unite - 10k Assemble,10.63,-48.84,1500,6700,Photography,Ethereum,9615,22.388059701492537,1.2866954975999998,513.4752,0.075,0.05828884933528815,3.5,Not interesting,Very low OS,Emerging,Top Collectors,Medium gas,Shark
28,First Day Out by DrifterShoots,15.15,-53.23,6700,10400,Photography,Ethereum,119000,64.42307692307693,0.6920728775999999,73.3536,0.335,0.4840530684596793,1.88,Not interesting,Medium OS,Community,Middle Accesible,High gas,Shark
29,Editions x Guido,-33.73,-11.450000000000001,10400,2,Photography,Ethereum,25800,520000.0,0.662658084,91.69200000000001,0.52,0.7847184129425032,1.8,Not interesting,Massive OS,Potential community,Middle Accesible,High gas,Shark
31,The Association,-25.85,-3.549,15400,30000,Sports,Ethereum,27800,51.33333333333333,10.3643318664,36.6768,0.77,0.07429325979962621,28.19,Not interesting,Medium OS,Potential community,Highly accesible,High gas,Whale
32,F1 Delta Time,0.0,-79.28,1800,40500,Sports,Ethereum,0,4.444444444444445,7.709573390400001,18.3384,0.09,0.011673797685364595,20.97,Not interesting,Not interesting,Not interesting,Highly accesible,Medium gas,Whale
33,Legionfarm Gaming Heroes #1,-100.0,0.0,428,3000,Sports,Ethereum,9082,14.266666666666666,6.2181296568,0.0,0.0214,0.0034415493373634405,16.91,Not interesting,Very low OS,Emerging,Not interesting,Medium gas,Whale
34,MLB Champions,35.0,-98.25,2700,249100,Sports,Ethereum,3994,1.0839020473705339,6.0738798024000005,18.3384,0.135,0.022226320637207347,16.52,Not interesting,Not interesting,Emerging,Highly accesible,High gas,Whale
35,Parallel Alpha,-73.92,100.0,45600,535,Trading Cards,Ethereum,97200,8523.364485981308,121.44152441519999,18.3384,2.28,0.01877446788468202,330.28,Not interesting,Massive OS,Community,Highly accesible,High gas,Whale
37,My Curio Cards,-21.4,5.390000000000001,5000,30,Trading Cards,Ethereum,14400,16666.666666666664,68.8567675824,458.46,0.25,0.0036307251818178694,187.27,Not interesting,Massive OS,Potential community,Top Collectors,High gas,Whale
38,Meme Ltd.,0.0,275.96,8400,522,Trading Cards,Ethereum,23000,1609.1954022988507,8.8081719192,18.3384,0.42,0.0476829930038589,23.96,Not interesting,Massive OS,Potential community,Highly accesible,High gas,Whale
39,Playing Arts Crypto Edition,-100.0,-38.54,1500,7800,Trading Cards,Ethereum,6501,19.230769230769234,8.095578372,36.6768,0.075,0.009264316464330808,22.02,Not interesting,Very low OS,Emerging,Highly accesible,Medium gas,Whale
40,Emblem Vault [Ethereum],-63.870000000000005,-67.04,5600,26100,Utility,Ethereum,5361,21.455938697318008,61.01293876559999,0.0,0.28,0.004589190517042726,165.93,Not interesting,Very low OS,Emerging,Not interesting,High gas,Whale
41,Metroverse Genesis,30.3,-37.88,297,10000,Utility,Ethereum,273300,2.97,45.65896665839999,550.1519999999999,0.01485,0.00032523732109622787,124.18,Not interesting,Not interesting,Community,Top Collectors,Medium gas,Whale
42,Project NANOPASS,-6.890000000000001,-19.41,4000,5600,Utility,Ethereum,1780,71.42857142857143,30.246164964,3392.604,0.2,0.00661240855619371,82.26,Not interesting,Medium OS,Emerging,Top Collectors,High gas,Whale
43,JRNY Club,148.77,4.977,6200,10000,Utility,Ethereum,283000,62.0,27.888378537599998,1650.456,0.31,0.011115741260541488,75.85,Emerging,Medium OS,Community,Top Collectors,High gas,Whale
44,Wolf Game Legacy,0.0,-100.0,13,13800,Utility,Ethereum,54600,0.09420289855072464,25.0067373768,3392.604,0.00065,2.5992995015936684e-05,68.01,Not interesting,Not interesting,Community,Top Collectors,Medium gas,Whale
45,Descentraland,-19.61,-20.4,7200,97500,Virtual Worlds,Ethereum,630200,7.384615384615385,304.1315810208,3392.604,0.36,0.0011836981835022882,827.13,Not interesting,Very low OS,Community,Top Collectors,High gas,Whale
46,The Sandbox,-48.370000000000005,-91.0,21800,142000,Virtual Worlds,Ethereum,1000000,15.352112676056336,283.97313149760004,3099.1895999999997,1.09,0.003838391309246847,772.31,Not interesting,Very low OS,Community,Top Collectors,High gas,Whale
47,NFT Worlds,-28.689999999999998,6.35,760,10000,Virtual Worlds,Ethereum,142000,7.6,89.00450747999999,5868.2880000000005,0.038,0.000426944669162277,242.06,Not interesting,Very low OS,Community,Top Collectors,Medium gas,Whale
48,Decentraland Wearables,854.27,-35.0,10700,71600,Virtual Worlds,Ethereum,1797,14.94413407821229,88.8895073736,18.3384,0.535,0.006018708122111766,241.75,Not interesting,Very low OS,Emerging,Highly accesible,High gas,Whale
49,Town Star,5.18,-41.6,44300,518,Virtual Worlds,Ethereum,10700,8552.123552123552,50.785979853600004,18.3384,2.215,0.04361439921775946,138.12,Not interesting,Massive OS,Potential community,Highly accesible,High gas,Whale
50,Phantom Galaxies Planer Genesis Series,160.54,785.8299999999999,3700,7,New,Polygon,108200,52857.142857142855,0.1031351616,18.3384,0.185,1.793762642439104,0.28,Hot - buy now,Massive OS,Community,Highly accesible,High gas,Shark
51,Creadore Universe,23.3,9.92,1600,1600,New,Polygon,12500,100.0,0.06860395439999999,1026.9504,0.08,1.1661135382015242,0.19,Hot - watchlist,Not interesting,Potential community,Top Collectors,Medium gas,Fish
52,KemonoVerse,0.0,-90.7,531,3300,New,Polygon,8700,16.090909090909093,0.055675382399999994,146.7072,0.02655,0.4768714439938899,0.15,Not interesting,Not interesting,Emerging,Middle Accesible,Medium gas,Fish
53,The Cornz,-100.0,-93.55,1000,15000,New,Polygon,1330,6.666666666666667,0.0226295856,18.3384,0.05,2.2094969339606467,0.06,Not interesting,Not interesting,Emerging,Highly accesible,Medium gas,Fish
54,Adocatty,0.0,-50.89,65,2000,New,Polygon,0,3.25,0.016761297600000002,18.3384,0.00325,0.1938990690076405,0.05,Not interesting,Not interesting,Not interesting,Highly accesible,Medium gas,Fish
55,The Martians: Metaverse,-50.19,39.019999999999996,710,5000,Art,Polygon,73800,14.2,3.2997566808,1136.9808,0.0355,0.010758369005375664,8.97,Not interesting,Very low OS,Community,Top Collectors,Medium gas,Shark
56,DEFY Genesis Masks,-26.540000000000003,-26.05,4800,8700,Art,Polygon,34000,55.172413793103445,2.0585404152,513.4752,0.24,0.11658746081829173,5.6,Not interesting,Medium OS,Potential community,Top Collectors,High gas,Shark
57,Artvatars,-100.0,-80.22,1600,6700,Art,Polygon,22200,23.88059701492537,1.30477716,165.04559999999998,0.08,0.06131315174155869,3.55,Not interesting,Very low OS,Potential community,Middle Accesible,Medium gas,Shark
58,Chinese Zodiaz Metavase by YassartLabs,0.0,0.0,143,1000,Art,Polygon,108,14.299999999999999,0.779932152,0.0,0.00715,0.009167464095005023,2.12,Not interesting,Very low OS,Emerging,Not interesting,Medium gas,Shark
59,Redemption Tokens for Brendan Murphy Physical Art,0.0,0.0,1000,5,Art,Polygon,40000,20000.0,0.4628245392,0.0,0.05,0.10803230115331794,1.26,Not interesting,Massive OS,Potential community,Not interesting,Medium gas,Shark
61,BCCG,-100.0,55979.49999999999,5400,58,Collectibles,Polygon,0,9310.344827586207,7.376566384799999,18.3384,0.27,0.036602395466318376,20.06,Not interesting,Massive OS,Not interesting,Highly accesible,High gas,Whale
63,Chumbi Valley Official,149.48,44.07,1800,4100,Collectibles,Polygon,246300,43.90243902439025,5.69544858,366.76800000000003,0.09,0.015802091571161195,15.49,Hot - buy now,Low OS,Community,Middle Accesible,Medium gas,Shark
64,Ember Sword Land,-85.0,19.0,6100,40000,Collectibles,Polygon,2685,15.25,5.577844420799999,183.38400000000001,0.305,0.054680621578946,15.17,Not interesting,Very low OS,Emerging,Middle Accesible,High gas,Shark
65,,0.0,0.0,0,0,Domain Names,Polygon,0,0.0,0.0,0.0,0.0,0.0,0.0,Not interesting,Not interesting,Not interesting,Not interesting,Not interesting,Not interesting
66,,0.0,0.0,0,0,Domain Names,Polygon,0,0.0,0.0,0.0,0.0,0.0,0.0,Not interesting,Not interesting,Not interesting,Not interesting,Not interesting,Not interesting
67,,0.0,0.0,0,0,Domain Names,Polygon,0,0.0,0.0,0.0,0.0,0.0,0.0,Not interesting,Not interesting,Not interesting,Not interesting,Not interesting,Not interesting
68,,0.0,0.0,0,0,Domain Names,Polygon,0,0.0,0.0,0.0,0.0,0.0,0.0,Not interesting,Not interesting,Not interesting,Not interesting,Not interesting,Not interesting
69,,0.0,0.0,0,0,Domain Names,Polygon,0,0.0,0.0,0.0,0.0,0.0,0.0,Not interesting,Not interesting,Not interesting,Not interesting,Not interesting,Not interesting
70,DogeSound Compilation (3PM official),0.0,-100.0,397,4,Music,Polygon,2288,9925.0,0.056702332800000005,0.0,0.01985,0.35007378038598086,0.15,Not interesting,Not interesting,Emerging,Not interesting,Medium gas,Fish
71,WVRPS Drops,5864.4,129.0,6100,10,Music,Polygon,26300,61000.0,0.013790476799999998,183.38400000000001,0.305,22.116711729648102,0.04,Hot - buy now,Not interesting,Potential community,Middle Accesible,High gas,Fish
72,XXXTentacion NFT Collection (Official),-100.0,136.0,2900,30000,Music,Polygon,0,9.666666666666666,0.0036493415999999997,183.38400000000001,0.145,39.73319461241995,0.01,Not interesting,Not interesting,Not interesting,Middle Accesible,High gas,Fish
73,Mint Songs,0.0,74.0,2800,74600,Music,Polygon,16100,3.753351206434316,0.0035026344,183.38400000000001,0.14,39.96991521581585,0.01,Not interesting,Not interesting,Potential community,Middle Accesible,High gas,Fish
74,Boomboom Monsters,0.0,-93.0,38,111,Music,Polygon,4600,34.234234234234236,0.0023473152,0.0,0.0019,0.8094353924006457,0.01,Not interesting,Not interesting,Emerging,Not interesting,Medium gas,Fish
75,Itadakimasu Man,0.0,-100.0,330,758,Photography,Polygon,2162,43.53562005277045,0.037685411999999995,183.38400000000001,0.0165,0.43783520265082954,0.1,Not interesting,Not interesting,Emerging,Middle Accesible,Medium gas,Fish
76,AP Photojournalism NFTs,0.0,-100.0,122,190,Photography,Polygon,15800000,64.21052631578948,0.0059416416,73.3536,0.0061,1.0266522975737884,0.02,Not interesting,Not interesting,Community,Middle Accesible,Medium gas,Fish
77,8 yers of Everydays,-100.0,0.0,7,2400,Photography,Polygon,0,0.2916666666666667,0.0006235056000000001,0.0,0.00035,0.5613421916338842,0.0,Not interesting,Not interesting,Not interesting,Not interesting,Medium gas,Not interesting
78,Foundnon: Artifacts,0.0,0.0,80,130,Photography,Polygon,2778,61.53846153846154,0.0005318136,0.0,0.004,7.521432321399829,0.0,Not interesting,Not interesting,Emerging,Not interesting,Medium gas,Not interesting
79,The New Days,0.0,-100.0,2,4,Photography,Polygon,0,50.0,0.0005318136,0.0,0.0001,0.18803580803499573,0.0,Not interesting,Not interesting,Not interesting,Not interesting,Medium gas,Not interesting
81,ZED RUN,-30.240000000000002,122.46999999999998,26700,200100,Sports,Polygon,69500,13.343328335832084,1.7413044335999999,18.3384,1.335,0.7666666289018745,4.74,Not interesting,Very low OS,Community,Highly accesible,High gas,Shark
82,REVV Racing,93.31,43.29,59400,169200,Sports,Polygon,157200,35.1063829787234,0.5957596008,18.3384,2.97,4.985232291702583,1.62,Hot - buy now,Low OS,Community,Highly accesible,High gas,Shark
83,MetaSoccer Youth Scouts,0.0,-80.21000000000001,1400,8500,Sports,Polygon,0,16.470588235294116,0.3896543232,36.6768,0.07,0.17964640922018135,1.06,Not interesting,Very low OS,Not interesting,Highly accesible,Medium gas,Shark
84,Friday Night Punks,-4.26,-2.97,657,321,Sports,Polygon,1700,204.6728971962617,0.0877675824,55.01519999999999,0.03285,0.37428397936593955,0.24,Not interesting,Massive OS,Emerging,Middle Accesible,Medium gas,Shark
85,BCCG,-100.0,55979.49999999999,5400,58,Trading Cards,Polygon,0,9310.344827586207,7.376566384799999,18.3384,0.27,0.036602395466318376,20.06,Not interesting,Massive OS,Not interesting,Highly accesible,High gas,Whale
87,Ethernity's Master Collection,5060.6,-43.84,8200,22100,Trading Cards,Polygon,127100,37.10407239819005,2.261308104,18.3384,0.41,0.18131098512173377,6.15,Not interesting,Low OS,Community,Highly accesible,High gas,Shark
88,Marble Cards,0.0,-100.0,10200,256900,Trading Cards,Polygon,27500,3.9704165044764497,1.134046656,0.0,0.51,0.44971694709534066,3.08,Not interesting,Not interesting,Potential community,Not interesting,High gas,Shark
89,PolkaFantasy,-100.0,2589.0,1300,6700,Trading Cards,Polygon,48800,19.402985074626866,0.41642838719999997,0.0,0.065,0.15608926287914698,1.13,Not interesting,Very low OS,Community,Not interesting,Medium gas,Shark
90,Decentral Games ICE Poker,33.37,-3.639,4100,34200,Utility,Polygon,101500,11.988304093567251,22.1858696736,605.1672,0.205,0.009240115578788378,60.34,Not interesting,Very low OS,Community,Top Collectors,High gas,Whale
91,Chicken Derby,-48.620000000000005,-2.807,6000,33300,Utility,Polygon,25000,18.01801801801802,7.375356050399999,36.6768,0.3,0.040676002344826406,20.06,Not interesting,Very low OS,Potential community,Highly accesible,High gas,Whale
92,Crypto Raiders Characters,53.900000000000006,63.980000000000004,4500,68900,Utility,Polygon,29000,6.531204644412192,4.1955691824,18.3384,0.225,0.053628003786435674,11.41,Hot - buy now,Very low OS,Potential community,Highly accesible,High gas,Shark
93,Genesis Curry Flow,4063.0000000000005,45.87,2200,5,Utility,Polygon,484000,44000.0,3.9900507336,183.38400000000001,0.11,0.027568571766192342,10.85,Hot - buy now,Massive OS,Community,Middle Accesible,Medium gas,Shark
94,The Red Village Champions,-12.3,-24.19,2000,11000,Utility,Polygon,19200,18.181818181818183,3.8367050328000003,110.03039999999999,0.1,0.02606403128337982,10.43,Not interesting,Very low OS,Potential community,Middle Accesible,Medium gas,Shark
95,Ember Sword Land,-85.08,19.0,6100,40000,Virtual Worlds,Polygon,87500,15.25,5.577844420799999,183.38400000000001,0.305,0.054680621578946,15.17,Not interesting,Very low OS,Community,Middle Accesible,High gas,Shark
96,Mona Spaces (Polygon),0.0,0.0,82,123,Virtual Worlds,Polygon,16800,66.66666666666666,0.044598988799999996,183.38400000000001,0.0041,0.09193033542500409,0.12,Not interesting,Not interesting,Potential community,Middle Accesible,Medium gas,Fish
97,Cyber Destinations Curated,0.0,0.0,1,1,Virtual Worlds,Polygon,0,100.0,0.0233997984,0.0,5e-05,0.002136770545852224,0.06,Not interesting,Not interesting,Not interesting,Not interesting,Low gas,Fish
98,NFT Moon Metaverse (Polygon),0.0,0.0,163,286,Virtual Worlds,Polygon,50800,56.993006993006986,0.0024573456000000003,1100.3039999999999,0.00815,3.316586808139644,0.01,Not interesting,Not interesting,Community,Top Collectors,Medium gas,Fish
99,Shen V4,0.0,0.0,163,10,Virtual Worlds,Polygon,0,1630.0,0.0,0.0,0.00815,inf,0.0,Not interesting,Not interesting,Not interesting,Not interesting,Medium gas,Not interesting
101,Cardboard Citizens,-27.42,-63.2,3100,6800,New,Solana,14400,45.588235294117645,3.1788,220.50000000000003,3.1331700000000004e-06,9.856455266138167e-07,8.65,Not interesting,Low OS,Potential community,Middle Accesible,Low gas,Shark
102,Balloonsville,-32.440000000000005,-15.879999999999999,1400,5000,New,Solana,16600,28.000000000000004,2.634165,0.0,1.4149799999999999e-06,5.371645284179237e-07,7.16,Not interesting,Low OS,Potential community,Not interesting,Low gas,Shark
103,The Bridged bt The Fracture,-19.79,-60.77,4300,9800,New,Solana,0,43.87755102040816,2.505645,180.0,4.346009999999999e-06,1.7344875271636642e-06,6.81,Not interesting,Low OS,Not interesting,Middle Accesible,Low gas,Shark
104,Bunnies N Homies Club,-39.57,0.0,4100,7600,New,Solana,89700,53.94736842105263,2.03697,179.1,4.14387e-06,2.0343304025096094e-06,5.54,Not interesting,Medium OS,Community,Middle Accesible,Low gas,Shark
105,Okay Bears,-73.0,-68.4,5400,10000,Art,Solana,150000,54.0,73.47996,7605.0,5.45778e-06,7.427576171788879e-08,199.84,Not interesting,Medium OS,Community,Top Collectors,Low gas,Whale
107,ASTRALS,-5.0,0.9299999999999999,3600,10000,Art,Solana,35800,36.0,6.34347,0.0,3.63852e-06,5.735851198161259e-07,17.25,Not interesting,Low OS,Potential community,Not interesting,Low gas,Whale
108,SOLgods,-18.91,-5.99,1000,670,Art,Solana,39100,149.2537313432836,4.968765,2430.0,1.0107e-06,2.0341070668465905e-07,13.51,Not interesting,Massive OS,Potential community,Top Collectors,Low gas,Shark
109,MOUS IN DA HOUS,-15.6,-68.81,750,4400,Art,Solana,27300,17.045454545454543,4.82013,283.5,7.58025e-07,1.5726235599454788e-07,13.11,Not interesting,Very low OS,Potential community,Middle Accesible,Not interesting,Shark
110,DeGods,-42.67,-16.900000000000002,4300,10000,Collectibles,Solana,10500,43.0,24.38901,18824.85,4.346009999999999e-06,1.78195424906546e-07,66.33,Not interesting,Low OS,Potential community,Top Collectors,Low gas,Whale
111,Cets on Creck,-67.14,-16.35,4100,7000,Collectibles,Solana,44200,58.57142857142858,12.980025,2875.5,4.14387e-06,3.19249770320165e-07,35.3,Not interesting,Medium OS,Community,Top Collectors,Low gas,Whale
112,TombStoned High Society,-35.04,26.369999999999997,893,6600,Collectibles,Solana,61500,13.530303030303031,6.567885,652.5,9.025551e-07,1.374194432454283e-07,17.86,Not interesting,Very low OS,Community,Top Collectors,Low gas,Whale
113,Degenerate Ape Academy,-29.909999999999997,-25.91,4300,10000,Collectibles,Solana,111111,43.0,6.505065,2790.0,4.346009999999999e-06,6.68096321866115e-07,17.69,Not interesting,Low OS,Community,Top Collectors,Low gas,Whale
114,Space Runners,-100.0,-88.78,5100,9800,Collectibles,Solana,0,52.04081632653062,5.750685,450.0,5.154569999999999e-06,8.963401751269631e-07,15.64,Not interesting,Medium OS,Not interesting,Top Collectors,Low gas,Shark
115,,0.0,0.0,0,0,Domain Names,Solana,0,0.0,0.0,0.0,0.0,0.0,0.0,Not interesting,Not interesting,Not interesting,Not interesting,Not interesting,Not interesting
116,,0.0,0.0,0,0,Domain Names,Solana,0,0.0,0.0,0.0,0.0,0.0,0.0,Not interesting,Not interesting,Not interesting,Not interesting,Not interesting,Not interesting
117,,0.0,0.0,0,0,Domain Names,Solana,0,0.0,0.0,0.0,0.0,0.0,0.0,Not interesting,Not interesting,Not interesting,Not interesting,Not interesting,Not interesting
118,,0.0,0.0,0,0,Domain Names,Solana,0,0.0,0.0,0.0,0.0,0.0,0.0,Not interesting,Not interesting,Not interesting,Not interesting,Not interesting,Not interesting
119,,0.0,0.0,0,0,Domain Names,Solana,0,0.0,0.0,0.0,0.0,0.0,0.0,Not interesting,Not interesting,Not interesting,Not interesting,Not interesting,Not interesting
120,PixelBands,7820.0,122.54,1200,4400,Music,Solana,16000,27.27272727272727,0.63749385,27.9,1.2128399999999999e-06,1.9025124712967817e-06,1.73,Hot - buy now,Low OS,Potential community,Highly accesible,Low gas,Shark
121,SVPLY CHVN Male Robots,1423.8,-79.77,889,2100,Music,Solana,3253,42.333333333333336,0.2213532,135.0,8.985123e-07,4.059179176086002e-06,0.6,Not interesting,Low OS,Emerging,Middle Accesible,Low gas,Shark
122,NETGALA,0.0,100.0,761,2500,Music,Solana,10700,30.44,0.07137494999999999,33.3,7.691427e-07,1.07760874088178e-05,0.19,Not interesting,Not interesting,Potential community,Highly accesible,Not interesting,Fish
123,Culture Kids,0.0,0.0,5,5,Music,Solana,3332,100.0,0.0,0.0,5.0534999999999996e-09,inf,0.0,Not interesting,Not interesting,Emerging,Not interesting,Not interesting,Not interesting
124,ONEUM,0.0,0.0,0,0,Music,Solana,0,0.0,0.0,0.0,0.0,0.0,0.0,Not interesting,Not interesting,Not interesting,Not interesting,Not interesting,Not interesting
125,Sol Potato NFT,0.0,-32.019999999999996,115,443,Photography,Solana,295,25.95936794582393,0.00326745,54.0,1.162305e-07,3.557223522930726e-05,0.01,Not interesting,Not interesting,Emerging,Middle Accesible,Not interesting,Fish
126,Celebrating the Wins,-100.0,2711.9,391,2000,Photography,Solana,0,19.55,0.0021645,33.75,3.9518370000000005e-07,0.00018257505197505198,0.01,Not interesting,Not interesting,Not interesting,Highly accesible,Not interesting,Fish
127,Shooting for the Gold,0.0,0.0,31,122,Photography,Solana,0,25.40983606557377,0.0001269,45.0,3.1331699999999996e-08,0.0002469007092198581,0.0,Not interesting,Not interesting,Not interesting,Middle Accesible,Not interesting,Not interesting
128,Aerial Isolation,0.0,0.0,12,12,Photography,Solana,0,100.0,0.0,0.0,1.2128400000000001e-08,inf,0.0,Not interesting,Not interesting,Not interesting,Not interesting,Not interesting,Not interesting
129,VaranasiMornings,0.0,0.0,2,9,Photography,Solana,0,22.22222222222222,0.0,0.0,2.0214e-09,inf,0.0,Not interesting,Not interesting,Not interesting,Not interesting,Not interesting,Not interesting
130,Photo Finish Live: PFP Collection,192.82,21.68,2100,15000,Sports,Solana,15900,14.000000000000002,2.2761,220.50000000000003,2.12247e-06,9.325029655990511e-07,6.19,Hot - buy now,Very low OS,Potential community,Middle Accesible,Low gas,Shark
131,Blackasset Legends,90.81,101.27,684,1700,Sports,Solana,0,40.23529411764706,0.313605,135.0,6.913188e-07,2.2044253120964266e-06,0.85,Hot - buy now,Low OS,Not interesting,Middle Accesible,Not interesting,Shark
132,VBA Season0 Pack,218.08,59.77,146,1700,Sports,Solana,9304,8.588235294117647,0.16893,61.2,1.475622e-07,8.735109216835375e-07,0.46,Hot - buy now,Very low OS,Emerging,Middle Accesible,Not interesting,Shark
133,6 RINGDS,0.0,161.17,146,176,Sports,Solana,0,82.95454545454545,0.039375,0.0,1.475622e-07,3.747611428571428e-06,0.11,Not interesting,Not interesting,Not interesting,Not interesting,Not interesting,Fish
134,VBA PLayers,53.59,16.619999999999997,581,11700,Sports,Solana,9304,4.965811965811966,0.038925,12.15,5.872167000000001e-07,1.508584971098266e-05,0.11,Hot - buy now,Not interesting,Emerging,Highly accesible,Not interesting,Fish
135,DAGs - Evolved Collection,-100.0,62.59,819,11300,Trading Cards,Solana,0,7.2477876106194685,0.080685,40.5,8.277633e-07,1.0259196876742888e-05,0.22,Not interesting,Very low OS,Not interesting,Highly accesible,Not interesting,Shark
136,Aces NFT,0.0,-50.870000000000005,898,5400,Trading Cards,Solana,41300,16.62962962962963,0.03492,22.5,9.076086e-07,2.5991082474226805e-05,0.09,Not interesting,Not interesting,Potential community,Highly accesible,Low gas,Fish
137,Solaxy Metaverse,46.58,-71.92,494,1000,Trading Cards,Solana,10300,49.4,0.02907,89.55,4.992858e-07,1.7175294117647057e-05,0.08,Not interesting,Not interesting,Emerging,Middle Accesible,Not interesting,Fish
138,Secret Space Society: OG Club Card,47.8,10524.800000000001,197,333,Trading Cards,Solana,5620,59.15915915915916,0.01107,0.0,1.991079e-07,1.7986260162601627e-05,0.03,Hot - buy now,Not interesting,Emerging,Not interesting,Not interesting,Fish
139,SHIZOKU,49.33,0.0,150,1100,Trading Cards,Solana,3864,13.636363636363635,0.00531,19.8,1.5160499999999999e-07,2.8550847457627117e-05,0.01,Not interesting,Not interesting,Emerging,Highly accesible,Not interesting,Fish
140,Shadowy Super Coder,5925.4,6.12,148,10000,Utility,Solana,41800,1.48,10.50147,0.0,1.495836e-07,1.4244062974040778e-08,28.56,Hot - watchlist,Not interesting,Potential community,Not interesting,Not interesting,Whale
141,Blocksmith Labs,-35.06,4.55,2800,4400,Utility,Solana,49900,63.63636363636363,7.47819,10125.0,2.8299599999999998e-06,3.78428469990733e-07,20.34,Not interesting,Medium OS,Community,Top Collectors,Low gas,Whale
142,Stoned Ape Crew,246.0,11.84,4100,4200,Utility,Solana,67200,97.61904761904762,5.97015,0.0,4.14387e-06,6.940981382377327e-07,16.24,Hot - buy now,Medium OS,Community,Not interesting,Low gas,Whale
143,Famous Fox Federation,-17.630000000000003,-46.2,4100,7800,Utility,Solana,43300,52.56410256410257,5.828265,2236.5,4.14387e-06,7.109954677764309e-07,15.85,Not interesting,Medium OS,Community,Top Collectors,Low gas,Shark
144,Dazed Ducks,-20.62,-65.42,3500,10000,Utility,Solana,23600,35.0,4.58793,450.0,3.5374500000000003e-06,7.710339957235617e-07,12.48,Not interesting,Low OS,Potential community,Top Collectors,Low gas,Shark
145,Portals,70.48,-12.32,2900,5000,Virtual Worlds,Solana,51500,57.99999999999999,9.192375,2024.5500000000002,2.9310300000000004e-06,3.188544853751071e-07,25.0,Not interesting,Medium OS,Community,Top Collectors,Low gas,Whale
146,The Suites,-4.04,-43.88,2700,4900,Virtual Worlds,Solana,21400,55.10204081632652,4.630725,441.00000000000006,2.72889e-06,5.893008114280161e-07,12.59,Not interesting,Medium OS,Potential community,Top Collectors,Low gas,Shark
147,Enviro,-12.61,-18.45,3700,14000,Virtual Worlds,Solana,21000,26.42857142857143,4.32099,0.0,3.7395900000000003e-06,8.654475016142135e-07,11.75,Not interesting,Low OS,Potential community,Not interesting,Low gas,Shark
148,LUX | Real Estate,32366.699999999997,-20.26,2600,5000,Virtual Worlds,Solana,90300,52.0,4.18491,218.70000000000002,2.6278199999999998e-06,6.279274823114475e-07,11.38,Not interesting,Medium OS,Community,Middle Accesible,Low gas,Shark
149,Boryoku Dragonz,0.0,-72.32,548,1100,Virtual Worlds,Solana,70000,49.81818181818182,4.013505,19980.0,5.538636e-07,1.3799997757571e-07,10.92,Not interesting,Low OS,Community,Top Collectors,Not interesting,Shark
150,KLAYDICE GENESIS-OFFICIAL,-1.2,-41.69,2000,3800,New,Klaytn,74200,52.63157894736842,0.000848,592.752,0.000126,0.14858490566037735,0.0,Not interesting,Not interesting,Community,Top Collectors,Medium gas,Not interesting
151,CHANGEVERSE,0.0,-100.0,3000,6000,New,Klaytn,1271,50.0,0.001272,4028.0,0.000189,0.14858490566037738,0.0,Not interesting,Not interesting,Emerging,Top Collectors,Medium gas,Not interesting
152,Waterbomb League Official,-53.410000000000004,-30.53,644,2800,New,Klaytn,2421,23.0,0.000273056,71.65599999999999,4.0572000000000004e-05,0.14858490566037738,0.0,Not interesting,Not interesting,Emerging,Middle Accesible,Low gas,Not interesting
153,Hyundai E&C 75th Anniversary NFT,-68.93,0.0,557,750,New,Klaytn,0,74.26666666666667,0.000236168,228.536,3.5091e-05,0.14858490566037735,0.0,Not interesting,Not interesting,Not interesting,Middle Accesible,Low gas,Not interesting
154,KEROZ LAND MINT PASS,0.0,-37.39,691,3600,New,Klaytn,13900,19.194444444444443,0.000292984,146.28,4.3533e-05,0.14858490566037735,0.0,Not interesting,Not interesting,Potential community,Middle Accesible,Low gas,Not interesting
155,META CATS V1,40.339999999999996,5.56,1300,10000,Art,Klaytn,10200,13.0,0.0005512,12.719999999999999,8.190000000000001e-05,0.14858490566037738,0.0,Hot - watchlist,Not interesting,Emerging,Highly accesible,Low gas,Not interesting
156,renaissance-nft,0.0,-70.41,715,3100,Art,Klaytn,1775,23.06451612903226,0.00030315999999999996,189.952,4.5045e-05,0.14858490566037738,0.0,Not interesting,Not interesting,Emerging,Middle Accesible,Low gas,Not interesting
157,CYE ChuchuCAT V0,0.0,-54.559999999999995,1000,3500,Art,Klaytn,7364,28.57142857142857,0.000424,67.84,6.3e-05,0.14858490566037735,0.0,Not interesting,Not interesting,Emerging,Middle Accesible,Low gas,Not interesting
158,KlayDogesFriend,0.0,-100.0,1100,4100,Art,Klaytn,11800,26.82926829268293,0.00046639999999999995,0.0,6.929999999999999e-05,0.14858490566037735,0.0,Not interesting,Not interesting,Potential community,Not interesting,Low gas,Not interesting
159,Project Spoon DAO,0.0,109.5,1300,10000,Art,Klaytn,4629,13.0,0.0005512,19.08,8.190000000000001e-05,0.14858490566037738,0.0,Not interesting,Not interesting,Emerging,Highly accesible,Low gas,Not interesting
160,THE META KONGZ KLAYTN,-55.03,-10.07,2000,6200,Collectibles,Klaytn,81800,32.25806451612903,0.000848,4960.8,0.000126,0.14858490566037735,0.0,Not interesting,Not interesting,Community,Top Collectors,Medium gas,Not interesting
161,Meta Toy DragonZ,148.47,7.42,2800,9800,Collectibles,Klaytn,16800,28.57142857142857,0.0011872,747.512,0.0001764,0.14858490566037735,0.0,Hot - watchlist,Not interesting,Potential community,Top Collectors,Medium gas,Not interesting
162,Mutant Kongz & G.rilla Official,-28.349999999999998,6.12,6100,19500,Collectibles,Klaytn,11300,31.28205128205128,0.0025864,368.88,0.0003843,0.14858490566037735,0.01,Not interesting,Not interesting,Potential community,Middle Accesible,Medium gas,Fish
163,DSC | DIGITAL IDENTITY,-100.0,20.0,1800,10000,Collectibles,Klaytn,17200,18.0,0.0007631999999999999,118.72,0.0001134,0.14858490566037738,0.0,Not interesting,Not interesting,Potential community,Middle Accesible,Medium gas,Not interesting
164,"Meta Adventure, frozen",0.0,0.0,3400,10000,Collectibles,Klaytn,11400,34.0,0.0014416,1.696,0.00021419999999999998,0.14858490566037735,0.0,Not interesting,Not interesting,Potential community,Highly accesible,Medium gas,Not interesting
165,,0.0,0.0,0,0,Domain Names,Klaytn,0,0.0,0.0,0.0,0.0,0.0,0.0,Not interesting,Not interesting,Not interesting,Not interesting,Not interesting,Not interesting
166,,0.0,0.0,0,0,Domain Names,Klaytn,0,0.0,0.0,0.0,0.0,0.0,0.0,Not interesting,Not interesting,Not interesting,Not interesting,Not interesting,Not interesting
167,,0.0,0.0,0,0,Domain Names,Klaytn,0,0.0,0.0,0.0,0.0,0.0,0.0,Not interesting,Not interesting,Not interesting,Not interesting,Not interesting,Not interesting
168,,0.0,0.0,0,0,Domain Names,Klaytn,0,0.0,0.0,0.0,0.0,0.0,0.0,Not interesting,Not interesting,Not interesting,Not interesting,Not interesting,Not interesting
169,,0.0,0.0,0,0,Domain Names,Klaytn,0,0.0,0.0,0.0,0.0,0.0,0.0,Not interesting,Not interesting,Not interesting,Not interesting,Not interesting,Not interesting
170,[TREASURES CLUB x SEOBOBIN] YOU ARE THE TREASURE,0.0,-31.77,351,600,Music,Klaytn,0,58.5,0.00014882399999999998,24.168,2.2113e-05,0.14858490566037738,0.0,Not interesting,Not interesting,Not interesting,Highly accesible,Low gas,Not interesting
171,Strange Sound Club,0.0,0.0,11,31,Music,Klaytn,1705,35.483870967741936,4.664e-06,25.439999999999998,6.930000000000001e-07,0.14858490566037738,0.0,Not interesting,Not interesting,Emerging,Highly accesible,Not interesting,Not interesting
172,Lil 9ap - Limatic,-100.0,0.0,93,1,Music,Klaytn,0,9300.0,3.9432000000000005e-05,0.0,5.859e-06,0.14858490566037735,0.0,Not interesting,Not interesting,Not interesting,Not interesting,Low gas,Not interesting
173,SQUARE Records,0.0,0.0,8,20,Music,Klaytn,129,40.0,3.392e-06,0.0,5.04e-07,0.14858490566037735,0.0,Not interesting,Not interesting,Emerging,Not interesting,Not interesting,Not interesting
174,Kwani Studio,0.0,0.0,2,2,Music,Klaytn,0,100.0,8.48e-07,0.0,1.26e-07,0.14858490566037735,0.0,Not interesting,Not interesting,Not interesting,Not interesting,Not interesting,Not interesting
175,Dragonsky,0.0,-100.0,68,294,Photography,Klaytn,3837,23.12925170068027,2.8832e-05,6.359999999999999,4.284e-06,0.14858490566037735,0.0,Not interesting,Not interesting,Emerging,Highly accesible,Low gas,Not interesting
176,Dragonsky Collaboration,0.0,0.0,6,15,Photography,Klaytn,3837,40.0,2.544e-06,0.0,3.78e-07,0.14858490566037735,0.0,Not interesting,Not interesting,Emerging,Not interesting,Not interesting,Not interesting
177,the hami flowers,0.0,-100.0,10,27,Photography,Klaytn,19,37.03703703703704,4.24e-06,4.24,6.3e-07,0.14858490566037735,0.0,Not interesting,Not interesting,Not interesting,Highly accesible,Not interesting,Not interesting
178,Dragonsky Edition,0.0,0.0,1100,15,Photography,Klaytn,3837,7333.333333333333,0.00046639999999999995,0.0848,6.929999999999999e-05,0.14858490566037735,0.0,Not interesting,Not interesting,Emerging,Highly accesible,Low gas,Not interesting
179,byThere,0.0,0.0,10,14,Photography,Klaytn,297,71.42857142857143,4.24e-06,0.0,6.3e-07,0.14858490566037735,0.0,Not interesting,Not interesting,Emerging,Not interesting,Not interesting,Not interesting
180,ProjectWITH,0.0,0.0,9,18,Sports,Klaytn,1682,50.0,3.8159999999999995e-06,212.0,5.669999999999999e-07,0.14858490566037735,0.0,Not interesting,Not interesting,Emerging,Middle Accesible,Not interesting,Not interesting
181,StatNFT,0.0,0.0,117,960,Sports,Klaytn,1529,12.1875,4.9608e-05,1.696,7.371e-06,0.14858490566037738,0.0,Not interesting,Not interesting,Emerging,Highly accesible,Low gas,Not interesting
182,SNKRZ NFT,0.0,0.0,4,70,Sports,Klaytn,39000,5.714285714285714,1.696e-06,207.76,2.52e-07,0.14858490566037735,0.0,Not interesting,Not interesting,Potential community,Middle Accesible,Not interesting,Not interesting
183,TEAMKOREA HOHO,0.0,0.0,363,3000,Sports,Klaytn,0,12.1,0.000153912,1.272,2.2869e-05,0.14858490566037735,0.0,Not interesting,Not interesting,Not interesting,Highly accesible,Low gas,Not interesting
184,yamfers junior,0.0,0.0,203,431,Sports,Klaytn,0,47.09976798143852,8.6072e-05,1.696,1.2788999999999999e-05,0.14858490566037735,0.0,Not interesting,Not interesting,Not interesting,Highly accesible,Low gas,Not interesting
185,SYLTARE-OFFICIAL,0.0,-100.0,2300,9400,Trading Cards,Klaytn,19900,24.46808510638298,0.0009752,1394.96,0.0001449,0.14858490566037735,0.0,Not interesting,Not interesting,Potential community,Top Collectors,Medium gas,Not interesting
186,"SYLTARE, Frozen",0.0,0.0,2500,9100,Trading Cards,Klaytn,19900,27.472527472527474,0.00106,424.0,0.0001575,0.14858490566037738,0.0,Not interesting,Not interesting,Potential community,Top Collectors,Medium gas,Not interesting
187,ArcheWorld_FandomCard,4.77,0.0,735,2200,Trading Cards,Klaytn,13000,33.409090909090914,0.00031163999999999996,245.92,4.6305e-05,0.14858490566037738,0.0,Not interesting,Not interesting,Potential community,Middle Accesible,Low gas,Not interesting
188,ArcheWorld_Land,-6.4,0.0,478,1400,Trading Cards,Klaytn,13000,34.14285714285714,0.000202672,220.48,3.0114e-05,0.14858490566037738,0.0,Not interesting,Not interesting,Potential community,Middle Accesible,Low gas,Not interesting
189,Puzzle Fantasy,-100.0,0.0,518,5000,Trading Cards,Klaytn,3785,10.36,0.00021963200000000001,103.88,3.2634e-05,0.14858490566037735,0.0,Not interesting,Not interesting,Emerging,Middle Accesible,Low gas,Not interesting
190,KEROZ LAND MINT PASS,0.0,-37.39,691,3600,Utility,Klaytn,13900,19.194444444444443,0.000292984,148.4,4.3533e-05,0.14858490566037735,0.0,Not interesting,Not interesting,Potential community,Middle Accesible,Low gas,Not interesting
191,Klay Museum,-100.0,1900.0,539,5500,Utility,Klaytn,3242,9.8,0.000228536,11.024,3.3957e-05,0.14858490566037735,0.0,Not interesting,Not interesting,Emerging,Highly accesible,Low gas,Not interesting
192,Klanium Card,0.0,55.78999999999999,1200,3400,Utility,Klaytn,55400,35.294117647058826,0.0005088,16.112,7.56e-05,0.14858490566037735,0.0,Not interesting,Not interesting,Community,Highly accesible,Low gas,Not interesting
193,ChartpanNFT,-3.343,229.1,256,10000,Utility,Klaytn,3744,2.56,0.000108544,50.879999999999995,1.6128e-05,0.14858490566037735,0.0,Not interesting,Not interesting,Emerging,Middle Accesible,Low gas,Not interesting
194,Neverland Pirateships,0.0,-90.39,209,1000,Utility,Klaytn,2748,20.9,8.861599999999999e-05,13.991999999999999,1.3167e-05,0.14858490566037735,0.0,Not interesting,Not interesting,Emerging,Highly accesible,Low gas,Not interesting
195,,0.0,0.0,0,0,Virtual Worlds,Klaytn,0,0.0,0.0,0.0,0.0,0.0,0.0,Not interesting,Not interesting,Not interesting,Not interesting,Not interesting,Not interesting
196,,0.0,0.0,0,0,Virtual Worlds,Klaytn,0,0.0,0.0,0.0,0.0,0.0,0.0,Not interesting,Not interesting,Not interesting,Not interesting,Not interesting,Not interesting
197,,0.0,0.0,0,0,Virtual Worlds,Klaytn,0,0.0,0.0,0.0,0.0,0.0,0.0,Not interesting,Not interesting,Not interesting,Not interesting,Not interesting,Not interesting
198,,0.0,0.0,0,0,Virtual Worlds,Klaytn,0,0.0,0.0,0.0,0.0,0.0,0.0,Not interesting,Not interesting,Not interesting,Not interesting,Not interesting,Not interesting
199,,0.0,0.0,0,0,Virtual Worlds,Klaytn,0,0.0,0.0,0.0,0.0,0.0,0.0,Not interesting,Not interesting,Not interesting,Not interesting,Not interesting,Not interesting
