Collection,24 hs %,7 d %,Owners,Items,Category,Chain,Twitter followers,Ownership %,Volume (USD) in M,Floor (USD),Gas Volume (USD) in M,Market Share %,Growth,Ownership Status,Popularity,Accesibility,Gas Status,Market Status,Recommendation
goblintown.wtf,56.77,562.01,4500,10000,New,Ethereum,39500,45,23.21621268,5318.136,0.225,63.14,Hot - buy now,Low OS,Potential community,Top Collectors,High gas,Whale,Highly recommended
Chimpers,-35.62,-73.58,2800,5600,New,Ethereum,106700,50,15.16028193,3631.0032,0.14,41.23,Not interesting,Low OS,Community,Top Collectors,High gas,Whale,Sligthly recommended
GENE_SIS: The Girls of Armament,-42.52,-29.29,4500,10000,New,Ethereum,236800,45,10.19737907,385.1064,0.225,27.73,Not interesting,Low OS,Community,Middle Accesible,High gas,Whale,Give it a chance
AINightbirds,-53.6,0,4700,10000,New,Ethereum,11200,47,9.186401419,421.7832,0.235,24.98,Not interesting,Low OS,Potential community,Top Collectors,High gas,Whale,Sligthly recommended
Moonbirds Oddities,-18.56,0,6200,10000,New,Ethereum,201900,62,6.842698884,5024.7216,0.31,18.61,Not interesting,Medium OS,Community,Top Collectors,High gas,Whale,Sligthly recommended
Rarible,-1.81,-45.79,214100,315700,Art,Ethereum,477100,67.81754831,185.5226059,0,10.705,504.56,Not interesting,Medium OS,Community,Not interesting,High gas,Whale,Sligthly recommended
SuperRare,-94.3,-42,6800,31700,Art,Ethereum,314200,21.4511041,123.0906417,275.076,0.34,334.76,Not interesting,Very low OS,Community,Middle Accesible,High gas,Whale,Highly recommended
Karafuru,-80.87,-58.61,3700,5600,Art,Ethereum,419700,66.07142857,79.86494233,1925.532,0.185,217.2,Not interesting,Medium OS,Community,Top Collectors,High gas,Whale,Sligthly recommended
Mutant Ape Tatch Club,-42.63,-8.89,12600,19400,Collectibles,Ethereum,1900,64.94845361,743.5259718,29873.2536,0.63,2022.13,Not interesting,Medium OS,Emerging,Top Collectors,High gas,Whale,Give it a chance
Azuki,-31.67,-0.48,5100,10000,Collectibles,Ethereum,311600,51,447.8615968,18044.9856,0.255,1218.02,Not interesting,Medium OS,Community,Top Collectors,High gas,Whale,Sligthly recommended
Clone X  X TAKASHI MURAKAMI,-31.24,-39.13,9300,19300,Collectibles,Ethereum,26,48.1865285,375.0538759,22372.848,0.465,1020.01,Not interesting,Low OS,Emerging,Top Collectors,High gas,Whale,Sligthly recommended
ENS: Ethereum Name Service,-1.741,-26.23,400500,1200000,Domain Names,Ethereum,312,33.375,56.27765213,18.3384,20.025,153.06,Not interesting,Low OS,Emerging,Highly accesible,High gas,Whale,Highly recommended
Unstoppable Domains,2750,-53.25,64600,319000,Domain Names,Ethereum,254900,20.2507837,2.217479328,18.3384,3.23,6.03,Not interesting,Very low OS,Community,Highly accesible,High gas,Shark,Highly recommended
Decentraland Names,-100,104.93,13300,34000,Domain Names,Ethereum,2235,39.11764706,1.601327426,55.0152,0.665,4.36,Not interesting,Low OS,Emerging,Middle Accesible,High gas,Shark,Sligthly recommended
Cryptovoxels Nammes,0,-100,2600,9500,Domain Names,Ethereum,81800,27.36842105,0.029433132,55.0152,0.13,0.08,Not interesting,Not interesting,Community,Middle Accesible,High gas,Fish,Highly recommended
Domains.Kred,0,0,17,24,Domain Names,Ethereum,56500,70.83333333,0.0108379944,7151.976,0.00085,0.03,Not interesting,Not interesting,Community,Top Collectors,Medium gas,Fish,Highly recommended
WVRPS by WarpSound (Official),132.5,-42.68,4700,10000,Music,Ethereum,26400,47,11.01734395,256.7376,0.235,29.96,Not interesting,Low OS,Potential community,Middle Accesible,High gas,Whale,Highly recommended
The Orbs by BT,0,-8.2,1400,3300,Music,Ethereum,622700,42.42424242,4.472350654,550.152,0.07,12.16,Not interesting,Low OS,Community,Top Collectors,Medium gas,Shark,Highly recommended
EulerBeats Genesis,0,0,431,54,Music,Ethereum,14100,798.1481481,4.227294614,2017.224,0.02155,11.5,Not interesting,Massive OS,Potential community,Top Collectors,Medium gas,Shark,Give it a chance
EulerBeats Enigma,0,0,101,54,Music,Ethereum,14100,187.037037,3.69025457,0,0.00505,10.04,Not interesting,Massive OS,Potential community,Not interesting,Medium gas,Shark,Give it a chance
Audioglyphs,0,15.2,2700,10000,Music,Ethereum,3920,27,2.042659361,550.152,0.135,5.56,Not interesting,Low OS,Emerging,Top Collectors,High gas,Shark,Sligthly recommended
Justin Aversano - Twin Flames - Collection of 100 Twins Portraits,0,-100,88,100,Photography,Ethereum,78600,88,9.496833854,206307,0.0044,25.83,Not interesting,Medium OS,Community,Top Collectors,Medium gas,Whale,Not recommended
Where My Vans Go,-100,-75.29,102,123,Photography,Ethereum,119000,82.92682927,6.536355912,82522.8,0.0051,17.78,Not interesting,Medium OS,Community,Top Collectors,Medium gas,Whale,Not recommended
Women Unite - 10k Assemble,10.63,-48.84,1500,6700,Photography,Ethereum,9615,22.3880597,1.286695498,513.4752,0.075,3.5,Not interesting,Very low OS,Emerging,Top Collectors,Medium gas,Shark,Give it a chance
First Day Out by DrifterShoots,15.15,-53.23,6700,10400,Photography,Ethereum,119000,64.42307692,0.6920728776,73.3536,0.335,1.88,Not interesting,Medium OS,Community,Middle Accesible,High gas,Shark,Sligthly recommended
Editions x Guido,-33.73,-11.45,10400,2,Photography,Ethereum,25800,520000,0.662658084,91.692,0.52,1.8,Not interesting,Massive OS,Potential community,Middle Accesible,High gas,Shark,Give it a chance
The Association,-25.85,-3.549,15400,30000,Sports,Ethereum,27800,51.33333333,10.36433187,36.6768,0.77,28.19,Not interesting,Medium OS,Potential community,Highly accesible,High gas,Whale,Give it a chance
F1 Delta Time,0,-79.28,1800,40500,Sports,Ethereum,0,4.444444444,7.70957339,18.3384,0.09,20.97,Not interesting,Not interesting,Not interesting,Highly accesible,Medium gas,Whale,Not recommended
Legionfarm Gaming Heroes #1,-100,0,428,3000,Sports,Ethereum,9082,14.26666667,6.218129657,0,0.0214,16.91,Not interesting,Very low OS,Emerging,Not interesting,Medium gas,Whale,Give it a chance
MLB Champions,35,-98.25,2700,249100,Sports,Ethereum,3994,1.083902047,6.073879802,18.3384,0.135,16.52,Not interesting,Not interesting,Emerging,Highly accesible,High gas,Whale,Not recommended
Parallel Alpha,-73.92,100,45600,535,Trading Cards,Ethereum,97200,8523.364486,121.4415244,18.3384,2.28,330.28,Not interesting,Massive OS,Community,Highly accesible,High gas,Whale,Not recommended
My Curio Cards,-21.4,5.39,5000,30,Trading Cards,Ethereum,14400,16666.66667,68.85676758,458.46,0.25,187.27,Not interesting,Massive OS,Potential community,Top Collectors,High gas,Whale,Not recommended
Meme Ltd.,0,275.96,8400,522,Trading Cards,Ethereum,23000,1609.195402,8.808171919,18.3384,0.42,23.96,Not interesting,Massive OS,Potential community,Highly accesible,High gas,Whale,Not recommended
Playing Arts Crypto Edition,-100,-38.54,1500,7800,Trading Cards,Ethereum,6501,19.23076923,8.095578372,36.6768,0.075,22.02,Not interesting,Very low OS,Emerging,Highly accesible,Medium gas,Whale,Give it a chance
Emblem Vault [Ethereum],-63.87,-67.04,5600,26100,Utility,Ethereum,5361,21.4559387,61.01293877,0,0.28,165.93,Not interesting,Very low OS,Emerging,Not interesting,High gas,Whale,Sligthly recommended
Metroverse Genesis,30.3,-37.88,297,10000,Utility,Ethereum,273300,2.97,45.65896666,550.152,0.01485,124.18,Not interesting,Not interesting,Community,Top Collectors,Medium gas,Whale,Sligthly recommended
Project NANOPASS,-6.89,-19.41,4000,5600,Utility,Ethereum,1780,71.42857143,30.24616496,3392.604,0.2,82.26,Not interesting,Medium OS,Emerging,Top Collectors,High gas,Whale,Sligthly recommended
JRNY Club,148.77,4.977,6200,10000,Utility,Ethereum,283000,62,27.88837854,1650.456,0.31,75.85,Emerging,Medium OS,Community,Top Collectors,High gas,Whale,Give it a chance
Wolf Game Legacy,0,-100,13,13800,Utility,Ethereum,54600,0.09420289855,25.00673738,3392.604,0.00065,68.01,Not interesting,Not interesting,Community,Top Collectors,Medium gas,Whale,Not recommended
Descentraland,-19.61,-20.4,7200,97500,Virtual Worlds,Ethereum,630200,7.384615385,304.131581,3392.604,0.36,827.13,Not interesting,Very low OS,Community,Top Collectors,High gas,Whale,Not recommended
The Sandbox,-48.37,-91,21800,142000,Virtual Worlds,Ethereum,1000000,15.35211268,283.9731315,3099.1896,1.09,772.31,Not interesting,Very low OS,Community,Top Collectors,High gas,Whale,Not recommended
NFT Worlds,-28.69,6.35,760,10000,Virtual Worlds,Ethereum,142000,7.6,89.00450748,5868.288,0.038,242.06,Not interesting,Very low OS,Community,Top Collectors,Medium gas,Whale,Give it a chance
Decentraland Wearables,854.27,-35,10700,71600,Virtual Worlds,Ethereum,1797,14.94413408,88.88950737,18.3384,0.535,241.75,Not interesting,Very low OS,Emerging,Highly accesible,High gas,Whale,Give it a chance
Town Star,5.18,-41.6,44300,518,Virtual Worlds,Ethereum,10700,8552.123552,50.78597985,18.3384,2.215,138.12,Not interesting,Massive OS,Potential community,Highly accesible,High gas,Whale,Sligthly recommended
Phantom Galaxies Planer Genesis Series,160.54,785.83,3700,7,New,Polygon,108200,52857.14286,0.1031351616,18.3384,0.185,0.28,Hot - buy now,Massive OS,Community,Highly accesible,High gas,Shark,Highly recommended
Creadore Universe,23.3,9.92,1600,1600,New,Polygon,12500,100,0.0686039544,1026.9504,0.08,0.19,Hot - watchlist,Not interesting,Potential community,Top Collectors,Medium gas,Fish,Highly recommended
KemonoVerse,0,-90.7,531,3300,New,Polygon,8700,16.09090909,0.0556753824,146.7072,0.02655,0.15,Not interesting,Not interesting,Emerging,Middle Accesible,Medium gas,Fish,Sligthly recommended
The Cornz,-100,-93.55,1000,15000,New,Polygon,1330,6.666666667,0.0226295856,18.3384,0.05,0.06,Not interesting,Not interesting,Emerging,Highly accesible,Medium gas,Fish,Give it a chance
Adocatty,0,-50.89,65,2000,New,Polygon,0,3.25,0.0167612976,18.3384,0.00325,0.05,Not interesting,Not interesting,Not interesting,Highly accesible,Medium gas,Fish,Not recommended
The Martians: Metaverse,-50.19,39.02,710,5000,Art,Polygon,73800,14.2,3.299756681,1136.9808,0.0355,8.97,Not interesting,Very low OS,Community,Top Collectors,Medium gas,Shark,Sligthly recommended
DEFY Genesis Masks,-26.54,-26.05,4800,8700,Art,Polygon,34000,55.17241379,2.058540415,513.4752,0.24,5.6,Not interesting,Medium OS,Potential community,Top Collectors,High gas,Shark,Give it a chance
Artvatars,-100,-80.22,1600,6700,Art,Polygon,22200,23.88059701,1.30477716,165.0456,0.08,3.55,Not interesting,Very low OS,Potential community,Middle Accesible,Medium gas,Shark,Highly recommended
Chinese Zodiaz Metavase by YassartLabs,0,0,143,1000,Art,Polygon,108,14.3,0.779932152,0,0.00715,2.12,Not interesting,Very low OS,Emerging,Not interesting,Medium gas,Shark,Give it a chance
Redemption Tokens for Brendan Murphy Physical Art,0,0,1000,5,Art,Polygon,40000,20000,0.4628245392,0,0.05,1.26,Not interesting,Massive OS,Potential community,Not interesting,Medium gas,Shark,Not recommended
BCCG,-100,55979.5,5400,58,Collectibles,Polygon,0,9310.344828,7.376566385,18.3384,0.27,20.06,Not interesting,Massive OS,Not interesting,Highly accesible,High gas,Whale,Not recommended
Chumbi Valley Official,149.48,44.07,1800,4100,Collectibles,Polygon,246300,43.90243902,5.69544858,366.768,0.09,15.49,Hot - buy now,Low OS,Community,Middle Accesible,Medium gas,Shark,Highly recommended
Ember Sword Land,-85,19,6100,40000,Collectibles,Polygon,2685,15.25,5.577844421,183.384,0.305,15.17,Not interesting,Very low OS,Emerging,Middle Accesible,High gas,Shark,Give it a chance
DogeSound Compilation (3PM official),0,-100,397,4,Music,Polygon,2288,9925,0.0567023328,0,0.01985,0.15,Not interesting,Not interesting,Emerging,Not interesting,Medium gas,Fish,Not recommended
WVRPS Drops,5864.4,129,6100,10,Music,Polygon,26300,61000,0.0137904768,183.384,0.305,0.04,Hot - buy now,Not interesting,Potential community,Middle Accesible,High gas,Fish,Highly recommended
XXXTentacion NFT Collection (Official),-100,136,2900,30000,Music,Polygon,0,9.666666667,0.0036493416,183.384,0.145,0.01,Not interesting,Not interesting,Not interesting,Middle Accesible,High gas,Fish,Not recommended
Mint Songs,0,74,2800,74600,Music,Polygon,16100,3.753351206,0.0035026344,183.384,0.14,0.01,Not interesting,Not interesting,Potential community,Middle Accesible,High gas,Fish,Not recommended
Boomboom Monsters,0,-93,38,111,Music,Polygon,4600,34.23423423,0.0023473152,0,0.0019,0.01,Not interesting,Not interesting,Emerging,Not interesting,Medium gas,Fish,Sligthly recommended
Itadakimasu Man,0,-100,330,758,Photography,Polygon,2162,43.53562005,0.037685412,183.384,0.0165,0.1,Not interesting,Not interesting,Emerging,Middle Accesible,Medium gas,Fish,Sligthly recommended
AP Photojournalism NFTs,0,-100,122,190,Photography,Polygon,15800000,64.21052632,0.0059416416,73.3536,0.0061,0.02,Not interesting,Not interesting,Community,Middle Accesible,Medium gas,Fish,Not recommended
8 yers of Everydays,-100,0,7,2400,Photography,Polygon,0,0.2916666667,0.0006235056,0,0.00035,0,Not interesting,Not interesting,Not interesting,Not interesting,Medium gas,Not interesting,Not recommended
Foundnon: Artifacts,0,0,80,130,Photography,Polygon,2778,61.53846154,0.0005318136,0,0.004,0,Not interesting,Not interesting,Emerging,Not interesting,Medium gas,Not interesting,Not recommended
The New Days,0,-100,2,4,Photography,Polygon,0,50,0.0005318136,0,0.0001,0,Not interesting,Not interesting,Not interesting,Not interesting,Medium gas,Not interesting,Not recommended
ZED RUN,-30.24,122.47,26700,200100,Sports,Polygon,69500,13.34332834,1.741304434,18.3384,1.335,4.74,Not interesting,Very low OS,Community,Highly accesible,High gas,Shark,Sligthly recommended
REVV Racing,93.31,43.29,59400,169200,Sports,Polygon,157200,35.10638298,0.5957596008,18.3384,2.97,1.62,Hot - buy now,Low OS,Community,Highly accesible,High gas,Shark,Highly recommended
MetaSoccer Youth Scouts,0,-80.21,1400,8500,Sports,Polygon,0,16.47058824,0.3896543232,36.6768,0.07,1.06,Not interesting,Very low OS,Not interesting,Highly accesible,Medium gas,Shark,Give it a chance
Friday Night Punks,-4.26,-2.97,657,321,Sports,Polygon,1700,204.6728972,0.0877675824,55.0152,0.03285,0.24,Not interesting,Massive OS,Emerging,Middle Accesible,Medium gas,Shark,Not recommended
BCCG,-100,55979.5,5400,58,Trading Cards,Polygon,0,9310.344828,7.376566385,18.3384,0.27,20.06,Not interesting,Massive OS,Not interesting,Highly accesible,High gas,Whale,Not recommended
Ethernity's Master Collection,5060.6,-43.84,8200,22100,Trading Cards,Polygon,127100,37.1040724,2.261308104,18.3384,0.41,6.15,Not interesting,Low OS,Community,Highly accesible,High gas,Shark,Sligthly recommended
Marble Cards,0,-100,10200,256900,Trading Cards,Polygon,27500,3.970416504,1.134046656,0,0.51,3.08,Not interesting,Not interesting,Potential community,Not interesting,High gas,Shark,Not recommended
PolkaFantasy,-100,2589,1300,6700,Trading Cards,Polygon,48800,19.40298507,0.4164283872,0,0.065,1.13,Not interesting,Very low OS,Community,Not interesting,Medium gas,Shark,Give it a chance
Decentral Games ICE Poker,33.37,-3.639,4100,34200,Utility,Polygon,101500,11.98830409,22.18586967,605.1672,0.205,60.34,Not interesting,Very low OS,Community,Top Collectors,High gas,Whale,Highly recommended
Chicken Derby,-48.62,-2.807,6000,33300,Utility,Polygon,25000,18.01801802,7.37535605,36.6768,0.3,20.06,Not interesting,Very low OS,Potential community,Highly accesible,High gas,Whale,Sligthly recommended
Crypto Raiders Characters,53.9,63.98,4500,68900,Utility,Polygon,29000,6.531204644,4.195569182,18.3384,0.225,11.41,Hot - buy now,Very low OS,Potential community,Highly accesible,High gas,Shark,Highly recommended
Genesis Curry Flow,4063,45.87,2200,5,Utility,Polygon,484000,44000,3.990050734,183.384,0.11,10.85,Hot - buy now,Massive OS,Community,Middle Accesible,Medium gas,Shark,Highly recommended
The Red Village Champions,-12.3,-24.19,2000,11000,Utility,Polygon,19200,18.18181818,3.836705033,110.0304,0.1,10.43,Not interesting,Very low OS,Potential community,Middle Accesible,Medium gas,Shark,Highly recommended
Ember Sword Land,-85.08,19,6100,40000,Virtual Worlds,Polygon,87500,15.25,5.577844421,183.384,0.305,15.17,Not interesting,Very low OS,Community,Middle Accesible,High gas,Shark,Not recommended
Mona Spaces (Polygon),0,0,82,123,Virtual Worlds,Polygon,16800,66.66666667,0.0445989888,183.384,0.0041,0.12,Not interesting,Not interesting,Potential community,Middle Accesible,Medium gas,Fish,Give it a chance
Cyber Destinations Curated,0,0,1,1,Virtual Worlds,Polygon,0,100,0.0233997984,0,5.00E-05,0.06,Not interesting,Not interesting,Not interesting,Not interesting,Low gas,Fish,Not recommended
NFT Moon Metaverse (Polygon),0,0,163,286,Virtual Worlds,Polygon,50800,56.99300699,0.0024573456,1100.304,0.00815,0.01,Not interesting,Not interesting,Community,Top Collectors,Medium gas,Fish,Not recommended
Shen V4,0,0,163,10,Virtual Worlds,Polygon,0,1630,0,0,0.00815,0,Not interesting,Not interesting,Not interesting,Not interesting,Medium gas,Not interesting,Not recommended
Cardboard Citizens,-27.42,-63.2,3100,6800,New,Solana,14400,45.58823529,3.1788,220.5,3.13E-06,8.65,Not interesting,Low OS,Potential community,Middle Accesible,Low gas,Shark,Give it a chance
Balloonsville,-32.44,-15.88,1400,5000,New,Solana,16600,28,2.634165,0,1.41E-06,7.16,Not interesting,Low OS,Potential community,Not interesting,Low gas,Shark,Give it a chance
The Bridged bt The Fracture,-19.79,-60.77,4300,9800,New,Solana,0,43.87755102,2.505645,180,4.35E-06,6.81,Not interesting,Low OS,Not interesting,Middle Accesible,Low gas,Shark,Sligthly recommended
Bunnies N Homies Club,-39.57,0,4100,7600,New,Solana,89700,53.94736842,2.03697,179.1,4.14E-06,5.54,Not interesting,Medium OS,Community,Middle Accesible,Low gas,Shark,Highly recommended
Okay Bears,-73,-68.4,5400,10000,Art,Solana,150000,54,73.47996,7605,5.46E-06,199.84,Not interesting,Medium OS,Community,Top Collectors,Low gas,Whale,Give it a chance
ASTRALS,-5,0.93,3600,10000,Art,Solana,35800,36,6.34347,0,3.64E-06,17.25,Not interesting,Low OS,Potential community,Not interesting,Low gas,Whale,Highly recommended
SOLgods,-18.91,-5.99,1000,670,Art,Solana,39100,149.2537313,4.968765,2430,1.01E-06,13.51,Not interesting,Massive OS,Potential community,Top Collectors,Low gas,Shark,Sligthly recommended
MOUS IN DA HOUS,-15.6,-68.81,750,4400,Art,Solana,27300,17.04545455,4.82013,283.5,7.58E-07,13.11,Not interesting,Very low OS,Potential community,Middle Accesible,Not interesting,Shark,Give it a chance
DeGods,-42.67,-16.9,4300,10000,Collectibles,Solana,10500,43,24.38901,18824.85,4.35E-06,66.33,Not interesting,Low OS,Potential community,Top Collectors,Low gas,Whale,Sligthly recommended
Cets on Creck,-67.14,-16.35,4100,7000,Collectibles,Solana,44200,58.57142857,12.980025,2875.5,4.14E-06,35.3,Not interesting,Medium OS,Community,Top Collectors,Low gas,Whale,Sligthly recommended
TombStoned High Society,-35.04,26.37,893,6600,Collectibles,Solana,61500,13.53030303,6.567885,652.5,9.03E-07,17.86,Not interesting,Very low OS,Community,Top Collectors,Low gas,Whale,Highly recommended
Degenerate Ape Academy,-29.91,-25.91,4300,10000,Collectibles,Solana,111111,43,6.505065,2790,4.35E-06,17.69,Not interesting,Low OS,Community,Top Collectors,Low gas,Whale,Give it a chance
Space Runners,-100,-88.78,5100,9800,Collectibles,Solana,0,52.04081633,5.750685,450,5.15E-06,15.64,Not interesting,Medium OS,Not interesting,Top Collectors,Low gas,Shark,Give it a chance
PixelBands,7820,122.54,1200,4400,Music,Solana,16000,27.27272727,0.63749385,27.9,1.21E-06,1.73,Hot - buy now,Low OS,Potential community,Highly accesible,Low gas,Shark,Highly recommended
SVPLY CHVN Male Robots,1423.8,-79.77,889,2100,Music,Solana,3253,42.33333333,0.2213532,135,8.99E-07,0.6,Not interesting,Low OS,Emerging,Middle Accesible,Low gas,Shark,Highly recommended
NETGALA,0,100,761,2500,Music,Solana,10700,30.44,0.07137495,33.3,7.69E-07,0.19,Not interesting,Not interesting,Potential community,Highly accesible,Not interesting,Fish,Sligthly recommended
Culture Kids,0,0,5,5,Music,Solana,3332,100,0,0,5.05E-09,0,Not interesting,Not interesting,Emerging,Not interesting,Not interesting,Not interesting,Not recommended
ONEUM,0,0,0,0,Music,Solana,0,0,0,0,0,0,Not interesting,Not interesting,Not interesting,Not interesting,Not interesting,Not interesting,Not recommended
Sol Potato NFT,0,-32.02,115,443,Photography,Solana,295,25.95936795,0.00326745,54,1.16E-07,0.01,Not interesting,Not interesting,Emerging,Middle Accesible,Not interesting,Fish,Not recommended
Celebrating the Wins,-100,2711.9,391,2000,Photography,Solana,0,19.55,0.0021645,33.75,3.95E-07,0.01,Not interesting,Not interesting,Not interesting,Highly accesible,Not interesting,Fish,Not recommended
Shooting for the Gold,0,0,31,122,Photography,Solana,0,25.40983607,0.0001269,45,3.13E-08,0,Not interesting,Not interesting,Not interesting,Middle Accesible,Not interesting,Not interesting,Not recommended
Aerial Isolation,0,0,12,12,Photography,Solana,0,100,0,0,1.21E-08,0,Not interesting,Not interesting,Not interesting,Not interesting,Not interesting,Not interesting,Not recommended
VaranasiMornings,0,0,2,9,Photography,Solana,0,22.22222222,0,0,2.02E-09,0,Not interesting,Not interesting,Not interesting,Not interesting,Not interesting,Not interesting,Not recommended
Photo Finish Live: PFP Collection,192.82,21.68,2100,15000,Sports,Solana,15900,14,2.2761,220.5,2.12E-06,6.19,Hot - buy now,Very low OS,Potential community,Middle Accesible,Low gas,Shark,Highly recommended
Blackasset Legends,90.81,101.27,684,1700,Sports,Solana,0,40.23529412,0.313605,135,6.91E-07,0.85,Hot - buy now,Low OS,Not interesting,Middle Accesible,Not interesting,Shark,Highly recommended
VBA Season0 Pack,218.08,59.77,146,1700,Sports,Solana,9304,8.588235294,0.16893,61.2,1.48E-07,0.46,Hot - buy now,Very low OS,Emerging,Middle Accesible,Not interesting,Shark,Highly recommended
6 RINGDS,0,161.17,146,176,Sports,Solana,0,82.95454545,0.039375,0,1.48E-07,0.11,Not interesting,Not interesting,Not interesting,Not interesting,Not interesting,Fish,Not recommended
VBA PLayers,53.59,16.62,581,11700,Sports,Solana,9304,4.965811966,0.038925,12.15,5.87E-07,0.11,Hot - buy now,Not interesting,Emerging,Highly accesible,Not interesting,Fish,Highly recommended
DAGs - Evolved Collection,-100,62.59,819,11300,Trading Cards,Solana,0,7.247787611,0.080685,40.5,8.28E-07,0.22,Not interesting,Very low OS,Not interesting,Highly accesible,Not interesting,Shark,Not recommended
Aces NFT,0,-50.87,898,5400,Trading Cards,Solana,41300,16.62962963,0.03492,22.5,9.08E-07,0.09,Not interesting,Not interesting,Potential community,Highly accesible,Low gas,Fish,Give it a chance
Solaxy Metaverse,46.58,-71.92,494,1000,Trading Cards,Solana,10300,49.4,0.02907,89.55,4.99E-07,0.08,Not interesting,Not interesting,Emerging,Middle Accesible,Not interesting,Fish,Not recommended
Secret Space Society: OG Club Card,47.8,10524.8,197,333,Trading Cards,Solana,5620,59.15915916,0.01107,0,1.99E-07,0.03,Hot - buy now,Not interesting,Emerging,Not interesting,Not interesting,Fish,Highly recommended
SHIZOKU,49.33,0,150,1100,Trading Cards,Solana,3864,13.63636364,0.00531,19.8,1.52E-07,0.01,Not interesting,Not interesting,Emerging,Highly accesible,Not interesting,Fish,Sligthly recommended
Shadowy Super Coder,5925.4,6.12,148,10000,Utility,Solana,41800,1.48,10.50147,0,1.50E-07,28.56,Hot - watchlist,Not interesting,Potential community,Not interesting,Not interesting,Whale,Highly recommended
Blocksmith Labs,-35.06,4.55,2800,4400,Utility,Solana,49900,63.63636364,7.47819,10125,2.83E-06,20.34,Not interesting,Medium OS,Community,Top Collectors,Low gas,Whale,Give it a chance
Stoned Ape Crew,246,11.84,4100,4200,Utility,Solana,67200,97.61904762,5.97015,0,4.14E-06,16.24,Hot - buy now,Medium OS,Community,Not interesting,Low gas,Whale,Highly recommended
Famous Fox Federation,-17.63,-46.2,4100,7800,Utility,Solana,43300,52.56410256,5.828265,2236.5,4.14E-06,15.85,Not interesting,Medium OS,Community,Top Collectors,Low gas,Shark,Give it a chance
Dazed Ducks,-20.62,-65.42,3500,10000,Utility,Solana,23600,35,4.58793,450,3.54E-06,12.48,Not interesting,Low OS,Potential community,Top Collectors,Low gas,Shark,Highly recommended
Portals,70.48,-12.32,2900,5000,Virtual Worlds,Solana,51500,58,9.192375,2024.55,2.93E-06,25,Not interesting,Medium OS,Community,Top Collectors,Low gas,Whale,Sligthly recommended
The Suites,-4.04,-43.88,2700,4900,Virtual Worlds,Solana,21400,55.10204082,4.630725,441,2.73E-06,12.59,Not interesting,Medium OS,Potential community,Top Collectors,Low gas,Shark,Sligthly recommended
Enviro,-12.61,-18.45,3700,14000,Virtual Worlds,Solana,21000,26.42857143,4.32099,0,3.74E-06,11.75,Not interesting,Low OS,Potential community,Not interesting,Low gas,Shark,Highly recommended
LUX | Real Estate,32366.7,-20.26,2600,5000,Virtual Worlds,Solana,90300,52,4.18491,218.7,2.63E-06,11.38,Not interesting,Medium OS,Community,Middle Accesible,Low gas,Shark,Highly recommended
Boryoku Dragonz,0,-72.32,548,1100,Virtual Worlds,Solana,70000,49.81818182,4.013505,19980,5.54E-07,10.92,Not interesting,Low OS,Community,Top Collectors,Not interesting,Shark,Sligthly recommended
KLAYDICE GENESIS-OFFICIAL,-1.2,-41.69,2000,3800,New,Klaytn,74200,52.63157895,0.000848,592.752,0.000126,0,Not interesting,Not interesting,Community,Top Collectors,Medium gas,Not interesting,Not recommended
CHANGEVERSE,0,-100,3000,6000,New,Klaytn,1271,50,0.001272,4028,0.000189,0,Not interesting,Not interesting,Emerging,Top Collectors,Medium gas,Not interesting,Not recommended
Waterbomb League Official,-53.41,-30.53,644,2800,New,Klaytn,2421,23,0.000273056,71.656,4.06E-05,0,Not interesting,Not interesting,Emerging,Middle Accesible,Low gas,Not interesting,Sligthly recommended
Hyundai E&C 75th Anniversary NFT,-68.93,0,557,750,New,Klaytn,0,74.26666667,0.000236168,228.536,3.51E-05,0,Not interesting,Not interesting,Not interesting,Middle Accesible,Low gas,Not interesting,Not recommended
KEROZ LAND MINT PASS,0,-37.39,691,3600,New,Klaytn,13900,19.19444444,0.000292984,146.28,4.35E-05,0,Not interesting,Not interesting,Potential community,Middle Accesible,Low gas,Not interesting,Sligthly recommended
META CATS V1,40.34,5.56,1300,10000,Art,Klaytn,10200,13,0.0005512,12.72,8.19E-05,0,Hot - watchlist,Not interesting,Emerging,Highly accesible,Low gas,Not interesting,Highly recommended
renaissance-nft,0,-70.41,715,3100,Art,Klaytn,1775,23.06451613,0.00030316,189.952,4.50E-05,0,Not interesting,Not interesting,Emerging,Middle Accesible,Low gas,Not interesting,Not recommended
CYE ChuchuCAT V0,0,-54.56,1000,3500,Art,Klaytn,7364,28.57142857,0.000424,67.84,6.30E-05,0,Not interesting,Not interesting,Emerging,Middle Accesible,Low gas,Not interesting,Not recommended
KlayDogesFriend,0,-100,1100,4100,Art,Klaytn,11800,26.82926829,0.0004664,0,6.93E-05,0,Not interesting,Not interesting,Potential community,Not interesting,Low gas,Not interesting,Not recommended
Project Spoon DAO,0,109.5,1300,10000,Art,Klaytn,4629,13,0.0005512,19.08,8.19E-05,0,Not interesting,Not interesting,Emerging,Highly accesible,Low gas,Not interesting,Sligthly recommended
THE META KONGZ KLAYTN,-55.03,-10.07,2000,6200,Collectibles,Klaytn,81800,32.25806452,0.000848,4960.8,0.000126,0,Not interesting,Not interesting,Community,Top Collectors,Medium gas,Not interesting,Highly recommended
Meta Toy DragonZ,148.47,7.42,2800,9800,Collectibles,Klaytn,16800,28.57142857,0.0011872,747.512,0.0001764,0,Hot - watchlist,Not interesting,Potential community,Top Collectors,Medium gas,Not interesting,Highly recommended
Mutant Kongz & G.rilla Official,-28.35,6.12,6100,19500,Collectibles,Klaytn,11300,31.28205128,0.0025864,368.88,0.0003843,0.01,Not interesting,Not interesting,Potential community,Middle Accesible,Medium gas,Fish,Sligthly recommended
DSC | DIGITAL IDENTITY,-100,20,1800,10000,Collectibles,Klaytn,17200,18,0.0007632,118.72,0.0001134,0,Not interesting,Not interesting,Potential community,Middle Accesible,Medium gas,Not interesting,Sligthly recommended
"Meta Adventure, frozen",0,0,3400,10000,Collectibles,Klaytn,11400,34,0.0014416,1.696,0.0002142,0,Not interesting,Not interesting,Potential community,Highly accesible,Medium gas,Not interesting,Highly recommended
[TREASURES CLUB x SEOBOBIN] YOU ARE THE TREASURE,0,-31.77,351,600,Music,Klaytn,0,58.5,0.000148824,24.168,2.21E-05,0,Not interesting,Not interesting,Not interesting,Highly accesible,Low gas,Not interesting,Not recommended
Strange Sound Club,0,0,11,31,Music,Klaytn,1705,35.48387097,4.66E-06,25.44,6.93E-07,0,Not interesting,Not interesting,Emerging,Highly accesible,Not interesting,Not interesting,Not recommended
Lil 9ap - Limatic,-100,0,93,1,Music,Klaytn,0,9300,3.94E-05,0,5.86E-06,0,Not interesting,Not interesting,Not interesting,Not interesting,Low gas,Not interesting,Not recommended
SQUARE Records,0,0,8,20,Music,Klaytn,129,40,3.39E-06,0,5.04E-07,0,Not interesting,Not interesting,Emerging,Not interesting,Not interesting,Not interesting,Not recommended
Kwani Studio,0,0,2,2,Music,Klaytn,0,100,8.48E-07,0,1.26E-07,0,Not interesting,Not interesting,Not interesting,Not interesting,Not interesting,Not interesting,Not recommended
Dragonsky,0,-100,68,294,Photography,Klaytn,3837,23.1292517,2.88E-05,6.36,4.28E-06,0,Not interesting,Not interesting,Emerging,Highly accesible,Low gas,Not interesting,Sligthly recommended
Dragonsky Collaboration,0,0,6,15,Photography,Klaytn,3837,40,2.54E-06,0,3.78E-07,0,Not interesting,Not interesting,Emerging,Not interesting,Not interesting,Not interesting,Not recommended
the hami flowers,0,-100,10,27,Photography,Klaytn,19,37.03703704,4.24E-06,4.24,6.30E-07,0,Not interesting,Not interesting,Not interesting,Highly accesible,Not interesting,Not interesting,Not recommended
Dragonsky Edition,0,0,1100,15,Photography,Klaytn,3837,7333.333333,0.0004664,0.0848,6.93E-05,0,Not interesting,Not interesting,Emerging,Highly accesible,Low gas,Not interesting,Not recommended
byThere,0,0,10,14,Photography,Klaytn,297,71.42857143,4.24E-06,0,6.30E-07,0,Not interesting,Not interesting,Emerging,Not interesting,Not interesting,Not interesting,Not recommended
ProjectWITH,0,0,9,18,Sports,Klaytn,1682,50,3.82E-06,212,5.67E-07,0,Not interesting,Not interesting,Emerging,Middle Accesible,Not interesting,Not interesting,Not recommended
StatNFT,0,0,117,960,Sports,Klaytn,1529,12.1875,4.96E-05,1.696,7.37E-06,0,Not interesting,Not interesting,Emerging,Highly accesible,Low gas,Not interesting,Not recommended
SNKRZ NFT,0,0,4,70,Sports,Klaytn,39000,5.714285714,1.70E-06,207.76,2.52E-07,0,Not interesting,Not interesting,Potential community,Middle Accesible,Not interesting,Not interesting,Not recommended
TEAMKOREA HOHO,0,0,363,3000,Sports,Klaytn,0,12.1,0.000153912,1.272,2.29E-05,0,Not interesting,Not interesting,Not interesting,Highly accesible,Low gas,Not interesting,Not recommended
yamfers junior,0,0,203,431,Sports,Klaytn,0,47.09976798,8.61E-05,1.696,1.28E-05,0,Not interesting,Not interesting,Not interesting,Highly accesible,Low gas,Not interesting,Not recommended
SYLTARE-OFFICIAL,0,-100,2300,9400,Trading Cards,Klaytn,19900,24.46808511,0.0009752,1394.96,0.0001449,0,Not interesting,Not interesting,Potential community,Top Collectors,Medium gas,Not interesting,Not recommended
"SYLTARE, Frozen",0,0,2500,9100,Trading Cards,Klaytn,19900,27.47252747,0.00106,424,0.0001575,0,Not interesting,Not interesting,Potential community,Top Collectors,Medium gas,Not interesting,Not recommended
ArcheWorld_FandomCard,4.77,0,735,2200,Trading Cards,Klaytn,13000,33.40909091,0.00031164,245.92,4.63E-05,0,Not interesting,Not interesting,Potential community,Middle Accesible,Low gas,Not interesting,Sligthly recommended
ArcheWorld_Land,-6.4,0,478,1400,Trading Cards,Klaytn,13000,34.14285714,0.000202672,220.48,3.01E-05,0,Not interesting,Not interesting,Potential community,Middle Accesible,Low gas,Not interesting,Give it a chance
Puzzle Fantasy,-100,0,518,5000,Trading Cards,Klaytn,3785,10.36,0.000219632,103.88,3.26E-05,0,Not interesting,Not interesting,Emerging,Middle Accesible,Low gas,Not interesting,Give it a chance
KEROZ LAND MINT PASS,0,-37.39,691,3600,Utility,Klaytn,13900,19.19444444,0.000292984,148.4,4.35E-05,0,Not interesting,Not interesting,Potential community,Middle Accesible,Low gas,Not interesting,Sligthly recommended
Klay Museum,-100,1900,539,5500,Utility,Klaytn,3242,9.8,0.000228536,11.024,3.40E-05,0,Not interesting,Not interesting,Emerging,Highly accesible,Low gas,Not interesting,Give it a chance
Klanium Card,0,55.79,1200,3400,Utility,Klaytn,55400,35.29411765,0.0005088,16.112,7.56E-05,0,Not interesting,Not interesting,Community,Highly accesible,Low gas,Not interesting,Give it a chance
ChartpanNFT,-3.343,229.1,256,10000,Utility,Klaytn,3744,2.56,0.000108544,50.88,1.61E-05,0,Not interesting,Not interesting,Emerging,Middle Accesible,Low gas,Not interesting,Not recommended
Neverland Pirateships,0,-90.39,209,1000,Utility,Klaytn,2748,20.9,8.86E-05,13.992,1.32E-05,0,Not interesting,Not interesting,Emerging,Highly accesible,Low gas,Not interesting,Not recommended